﻿<parameters>
  <parameter name="IIS Web Application Name" defaultValue="Default Web Site/" tags="IisApp">
    <parameterEntry kind="ProviderPath" scope="IisApp" match="^D:\\WorkData\\5120\\GarbageClassfication\\obj\\Debug\\Package\\PackageTmp$" />
    <parameterEntry kind="ProviderPath" scope="setAcl" match="^D:\\WorkData\\5120\\GarbageClassfication\\obj\\Debug\\Package\\PackageTmp$" />
  </parameter>
  <parameter name="Add write permission to App_Data Folder" description="Add write permission to App_Data folder" defaultValue="{IIS Web Application Name}/App_Data" tags="Hidden">
    <parameterEntry kind="ProviderPath" scope="setAcl" match="^D:\\WorkData\\5120\\GarbageClassfication\\obj\\Debug\\Package\\PackageTmp\\App_Data$" />
  </parameter>
  <parameter name="Database1Entities-Web.config Connection String" description="Database1Entities 由应用程序在 web.config 中用来访问数据库的连接字符串。" defaultValue="metadata=res://*/Models.Model1.csdl|res://*/Models.Model1.ssdl|res://*/Models.Model1.msl;provider=System.Data.SqlClient;provider connection string=&quot;data source=(LocalDB)\MSSQLLocalDB;attachdbfilename=|DataDirectory|\Database1.mdf;integrated security=True;MultipleActiveResultSets=True;App=EntityFramework&quot;" tags="SqlConnectionString">
    <parameterEntry kind="XmlFile" scope="D:\\WorkData\\5120\\GarbageClassfication\\obj\\Debug\\Package\\PackageTmp\\Web\.config$" match="/configuration/connectionStrings/add[@name='Database1Entities']/@connectionString" />
  </parameter>
  <parameter name="cleanvictoriaEntities-Web.config Connection String" description="cleanvictoriaEntities 由应用程序在 web.config 中用来访问数据库的连接字符串。" defaultValue="metadata=res://*/Models.Model1.csdl|res://*/Models.Model1.ssdl|res://*/Models.Model1.msl;provider=System.Data.SqlClient;provider connection string=&quot;data source=database-clean.cz4amjprunnx.ap-southeast-2.rds.amazonaws.com,1433;initial catalog=cleanvictoria;persist security info=True;user id=admin;password=asdf1234;MultipleActiveResultSets=True;App=EntityFramework&quot;" tags="SqlConnectionString">
    <parameterEntry kind="XmlFile" scope="D:\\WorkData\\5120\\GarbageClassfication\\obj\\Debug\\Package\\PackageTmp\\Web\.config$" match="/configuration/connectionStrings/add[@name='cleanvictoriaEntities']/@connectionString" />
  </parameter>
</parameters>